timestamp,open,high,low,close,volume
4/4/2019 16:00,396.42,397,395.93,395.98,670413
4/4/2019 15:45,396.43,396.8992,395.61,396.45,310247
4/4/2019 15:30,396.2374,396.57,395.79,396.21,186175
4/4/2019 15:15,396.68,396.86,395.85,396.19,222259
4/4/2019 15:00,395.92,396.91,395.7365,396.6304,297840
4/4/2019 14:45,395.6304,396.12,394.8485,395.9,194693
4/4/2019 14:30,394.8385,395.94,394.78,395.61,160634
4/4/2019 14:15,394.5,394.96,394.05,394.8498,105294
4/4/2019 14:00,393.95,394.7699,393.95,394.3771,114996
4/4/2019 13:45,394.2683,394.4524,393.66,393.91,114310
4/4/2019 13:30,394.21,394.565,393.7406,394.32,176046
4/4/2019 13:15,394.785,394.8,393.74,394.1367,188555
4/4/2019 13:00,395.17,395.65,394.6405,394.7814,212462
4/4/2019 12:45,395.1,395.74,394.95,395.25,135883
4/4/2019 12:30,395.85,395.94,394.95,395.2913,142844
4/4/2019 12:15,394.99,396.15,394.99,395.7,138711
4/4/2019 12:00,396.26,396.52,394.5,394.9085,273969
4/4/2019 11:45,396.67,397.04,395.75,396.17,297821
4/4/2019 11:30,395.11,397,394.805,396.82,345058
4/4/2019 11:15,395.83,396.41,394.9,395.055,351867
4/4/2019 11:00,393.7,396.25,393.7,395.7314,564150
4/4/2019 10:45,394.9,395.13,392.8,393.57,506102
4/4/2019 10:30,394.4894,395,393.725,394.915,333152
4/4/2019 10:15,392.465,395.035,392.44,394.5,621047
4/4/2019 10:00,393,393.93,391.27,392.3665,607931
4/4/2019 9:45,385.5,395.85,385.13,392.93,1696005
4/3/2019 16:00,385.3,385.445,384.43,384.82,453782
4/3/2019 15:45,385.31,385.655,385.09,385.29,218031
4/3/2019 15:30,385.01,385.38,384.42,385.33,305836
4/3/2019 15:15,385.41,385.71,385.01,385.01,157252
4/3/2019 15:00,384.88,385.8661,384.88,385.33,184480
4/3/2019 14:45,385.6,385.6,384.66,384.893,155976
4/3/2019 14:30,384.74,385.915,384.74,385.605,184604
4/3/2019 14:15,385,385.12,384.2,384.71,218278
4/3/2019 14:00,385.705,385.7314,384.86,385,330198
4/3/2019 13:45,386.3,386.53,385.57,385.735,204881
4/3/2019 13:30,386.43,386.53,386,386.31,121904
4/3/2019 13:15,386.45,386.55,386.17,386.42,145490
4/3/2019 13:00,386.0801,386.42,385.76,386.4,131429
4/3/2019 12:45,386.26,386.35,385.91,386.106,120105
4/3/2019 12:30,386.38,386.48,386.1659,386.2852,80271
4/3/2019 12:15,386.54,386.8,386.06,386.4107,163671
4/3/2019 12:00,385.725,386.78,385.68,386.6079,133761
4/3/2019 11:45,385.83,386.49,385.57,385.75,166224
4/3/2019 11:30,385.86,386.42,385.6,385.803,185469
4/3/2019 11:15,386.75,386.8,385.75,385.89,175176
4/3/2019 11:00,386.7,386.88,384.91,386.75,319922
4/3/2019 10:45,386.54,386.85,386.1,386.5259,275979
4/3/2019 10:30,386.915,387.55,386.49,386.6751,267854
4/3/2019 10:15,385.87,387.26,384.09,386.81,670885
4/3/2019 10:00,389.15,389.325,385.12,386.1184,691907
4/3/2019 9:45,389,391.4001,388.09,389.05,561696
4/2/2019 16:00,391.23,391.4852,390.14,390.68,495239
4/2/2019 15:45,391.15,391.61,391.11,391.36,223994
4/2/2019 15:30,391.32,391.33,390.3608,391.1721,209791
4/2/2019 15:15,391.18,391.555,391.02,391.29,157305
4/2/2019 15:00,390.75,391.2175,390.61,391.14,198063
4/2/2019 14:45,390.22,391.1,390.15,390.76,158042
4/2/2019 14:30,390.52,390.6296,389.51,390.2,245762
4/2/2019 14:15,390.37,390.569,389.61,390.45,155758
4/2/2019 14:00,390.875,390.9,390.0747,390.3,133313
4/2/2019 13:45,390.96,391.1652,390.39,390.82,123451
4/2/2019 13:30,391.5,391.705,390.9,390.935,116148
4/2/2019 13:15,391.12,391.71,390.9,391.49,172953
4/2/2019 13:00,391.119,391.37,390.81,391.17,88781
4/2/2019 12:45,391.285,391.5,391,391.19,139629
4/2/2019 12:30,391.25,391.51,390.71,391.29,218683
4/2/2019 12:15,392.23,392.5,391.25,391.25,153029
4/2/2019 12:00,392.3006,392.8282,392.0032,392.21,220045
4/2/2019 11:45,393.9,393.914,392.1038,392.21,192686
4/2/2019 11:30,393,394.19,392.705,393.8422,183355
4/2/2019 11:15,394.4299,394.69,392.62,393.1526,257422
4/2/2019 11:00,394.02,394.8023,393.6495,394.41,227799
4/2/2019 10:45,393.6,394.329,393.21,393.9726,340535
4/2/2019 10:30,392.4804,393.5067,392.1857,393.5,223386
4/2/2019 10:15,391.59,392.85,390.36,392.56,309648
4/2/2019 10:00,391.462,393.4099,391.01,391.51,488387
4/2/2019 9:45,388.69,391.54,388.51,391.54,616495
4/1/2019 16:00,390.63,392.58,390.6298,391.54,568939
4/1/2019 15:45,391.92,392.1,390.34,390.61,314524
4/1/2019 15:30,391.37,392.31,391.1004,391.893,199153
4/1/2019 15:15,392.41,392.7,391.175,391.3701,252754
4/1/2019 15:00,392.1,392.9,391.6,392.4431,238198
4/1/2019 14:45,391.045,392.75,390.99,392.0999,357130
4/1/2019 14:30,390.45,391.4199,390.1301,391.005,277571
4/1/2019 14:15,389.205,390.5,389.17,390.41,352229
4/1/2019 14:00,389.09,389.37,389,389.24,113920
4/1/2019 13:45,389.3922,389.5,388.94,389.05,159120
4/1/2019 13:30,388.73,389.86,388.73,389.4627,295094
4/1/2019 13:15,388.3,388.87,387.98,388.86,145005
4/1/2019 13:00,388.21,388.75,388,388.31,141909
4/1/2019 12:45,387.64,388.52,387.6381,388.081,119271
4/1/2019 12:30,387.5019,388.02,387.26,387.645,139104
4/1/2019 12:15,387.7093,387.8,386.81,387.57,189529
4/1/2019 12:00,387.86,388.5,387.7,387.78,158470
4/1/2019 11:45,388.4,388.45,387.15,387.795,198696
4/1/2019 11:30,387.4812,388.96,387.47,388.64,360042
4/1/2019 11:15,387.05,387.5696,386.11,387.5696,225087
4/1/2019 11:00,387.32,387.49,386.5845,387,275849
4/1/2019 10:45,384.93,387.71,384.81,387.43,410880
4/1/2019 10:30,384,385,383.82,385,165039
4/1/2019 10:15,384.5,385.2899,383.8426,384,366350
4/1/2019 10:00,383.5,384.74,383.13,384.5588,364949
4/1/2019 9:45,386.36,386.3959,383.1326,383.52,839201
3/29/2019 16:00,381.03,381.56,380.6434,381.42,564313
3/29/2019 15:45,380.57,381.04,380.21,380.98,218927
3/29/2019 15:30,381.02,381.15,380.33,380.55,152962
3/29/2019 15:15,380.95,381.3,380.7199,381.03,147665
3/29/2019 15:00,381.1,381.119,380.69,380.9042,90847
3/29/2019 14:45,380.77,381.1443,380.64,380.97,113241
3/29/2019 14:30,381.08,381.11,380.6385,380.84,90597
3/29/2019 14:15,380.96,381.3,380.96,381.1,97041
3/29/2019 14:00,381.38,381.385,380.73,380.97,106957
3/29/2019 13:45,381.05,381.47,380.52,381.41,202793
3/29/2019 13:30,381.5883,381.62,380.841,381.0911,163053
3/29/2019 13:15,381.44,382.1444,381.16,381.61,258064
3/29/2019 13:00,381.47,381.585,380.75,381.42,174788
3/29/2019 12:45,381.6799,381.85,381.2,381.3098,111012
3/29/2019 12:30,380.525,382,380.48,381.72,269292
3/29/2019 12:15,380.5,380.79,379.81,380.4639,193446
3/29/2019 12:00,380.83,380.98,380.2386,380.4726,148105
3/29/2019 11:45,381.4032,381.77,380.53,380.84,174950
3/29/2019 11:30,380.84,381.75,380.76,381.398,289696
3/29/2019 11:15,380,381.1,379.82,380.82,280677
3/29/2019 11:00,379.605,380.43,379.15,379.9826,331469
3/29/2019 10:45,380.87,380.87,378.67,379.71,513001
3/29/2019 10:30,378.405,380.95,378.1,380.9,602649
3/29/2019 10:15,376.43,378.53,376.4,378.3,505381
3/29/2019 10:00,376.0501,378.005,376,376.4,546292
3/29/2019 9:45,376.55,376.77,374.74,376.2,507486
3/28/2019 16:00,374.82,374.89,374.28,374.28,261962
3/28/2019 15:45,374.51,374.89,374.51,374.82,138511
3/28/2019 15:30,374.71,374.77,374.22,374.41,97421
3/28/2019 15:15,374.79,374.85,374.1701,374.68,120508
3/28/2019 15:00,374.4035,374.8281,373.75,374.7,113521
3/28/2019 14:45,374.56,374.7,374.32,374.356,70798
3/28/2019 14:30,374.68,374.71,374.25,374.62,85182
3/28/2019 14:15,375.28,375.28,374.58,374.7,92753
3/28/2019 14:00,375.14,375.3,374.65,375.26,114340
3/28/2019 13:45,374.4597,375.28,374.3714,375.17,109651
3/28/2019 13:30,374.36,374.69,374.1569,374.46,68626
3/28/2019 13:15,374.91,375.11,374.1895,374.35,95425
3/28/2019 13:00,374.55,375.1501,374.28,374.8446,119714
3/28/2019 12:45,374.11,374.69,373.96,374.69,87785
3/28/2019 12:30,373.906,374.5,373.6,374.1022,112700
3/28/2019 12:15,374.64,374.91,373.5,373.92,200457
3/28/2019 12:00,374.09,374.89,373.96,374.3856,153670
3/28/2019 11:45,373.12,374.4,372.9484,374.23,147955
3/28/2019 11:30,373.71,373.93,373.01,373.12,121054
3/28/2019 11:15,373.11,374,372.8,373.7923,201294
3/28/2019 11:00,373.2,373.45,372.68,373.09,171863
3/28/2019 10:45,373.13,373.5,372.904,373.2,171965
3/28/2019 10:30,372.62,373.395,372.53,373.13,228099
3/28/2019 10:15,374.76,375.4,372.33,372.5592,441641
3/28/2019 10:00,374.55,375.65,374.2,374.69,388254
3/28/2019 9:45,376.33,376.33,372.564,374.4,600397
3/27/2019 16:00,373.95,374.5,373.82,374.2,552883
3/27/2019 15:45,373.87,374.7,373.77,373.83,322483
3/27/2019 15:30,372.92,373.8699,372.76,373.61,248126
3/27/2019 15:15,373.92,374.045,372.5066,373,263538
3/27/2019 15:00,373.5898,374.659,372.76,373.78,434248
3/27/2019 14:45,372.668,373.86,372.4,373.57,383503
3/27/2019 14:30,374.93,375.85,371.83,372.687,757592
3/27/2019 14:15,369.88,376.6241,369,374.95,2030150
3/27/2019 14:00,370,370.22,369.22,369.8,179365
3/27/2019 13:45,368.885,369.94,368.6,369.94,194756
3/27/2019 13:30,367.4995,369.2885,367.4623,368.92,296062
3/27/2019 13:15,368.65,368.65,367.07,367.6,224679
3/27/2019 13:00,368.07,368.8744,368.02,368.5548,208344
3/27/2019 12:45,367.84,368.3,367.4,368.0004,196149
3/27/2019 12:30,366.262,367.87,366.262,367.72,157692
3/27/2019 12:15,366.33,367.608,366.2419,366.33,158673
3/27/2019 12:00,365.66,366.695,365.565,366.27,169322
3/27/2019 11:45,367.45,367.49,365.64,365.64,238921
3/27/2019 11:30,367.42,368.3299,366.91,367.48,174782
3/27/2019 11:15,368.77,369.19,367.17,367.43,150820
3/27/2019 11:00,367.78,369.22,367.48,368.85,183734
3/27/2019 10:45,369.76,369.81,367.53,367.86,280610
3/27/2019 10:30,370.2101,370.7975,369.75,369.9,151827
3/27/2019 10:15,370.4755,370.71,369.5,370.35,195633
3/27/2019 10:00,372.04,372.25,370.0101,370.5,236774
3/27/2019 9:45,372,372.82,370.61,372.14,723319
3/26/2019 16:00,369.19,370.64,368.95,370.37,445915
3/26/2019 15:45,369.35,369.86,369.21,369.2269,140523
3/26/2019 15:30,370.1,370.16,369.3,369.3529,143437
3/26/2019 15:15,369.66,370.57,369.4634,370.07,179893
3/26/2019 15:00,368.84,370.02,368.42,369.7989,188217
3/26/2019 14:45,368.1,368.8,367.95,368.8,115539
3/26/2019 14:30,368.05,368.48,368,368.3,126347
3/26/2019 14:15,367.715,368.16,367.715,367.99,114703
3/26/2019 14:00,368.29,368.32,367.6,367.63,173847
3/26/2019 13:45,368.4,368.4016,367.67,368.23,184567
3/26/2019 13:30,368.8,368.84,368.176,368.47,115788
3/26/2019 13:15,368.5812,368.99,368.31,368.8001,164429
3/26/2019 13:00,368.59,369.42,368.4993,368.66,176557
3/26/2019 12:45,369.515,369.66,368.5,368.65,242409
3/26/2019 12:30,370.4092,370.93,369.325,369.5371,177273
3/26/2019 12:15,370.02,370.49,369.91,370.35,123912
3/26/2019 12:00,371.17,371.17,369.4,370,289227
3/26/2019 11:45,371.22,371.46,371,371.16,98247
3/26/2019 11:30,372.41,372.5,370.9,371.2164,161712
3/26/2019 11:15,372.48,372.81,372.05,372.28,120372
3/26/2019 11:00,372.66,372.749,372.05,372.36,146530
3/26/2019 10:45,372.07,372.65,371.5758,372.65,214892
3/26/2019 10:30,372.26,372.3213,370.32,372,340824
3/26/2019 10:15,374.01,374.3,371.81,372.14,425456
3/26/2019 10:00,372.725,374.445,372.5,374.1858,420647
3/26/2019 9:45,375.29,375.59,371.7962,372.62,810354
3/25/2019 16:00,370.43,371.2,369.34,370.54,768967
3/25/2019 15:45,368.89,370.5647,368.69,370.45,461397
3/25/2019 15:30,369.05,369.1499,367.15,368.93,370253
3/25/2019 15:15,367.75,369.29,367.58,369.03,312216
3/25/2019 15:00,367.801,367.81,366.935,367.7,203574
3/25/2019 14:45,367.74,368.04,367.53,367.63,239155
3/25/2019 14:30,367.67,367.81,367.15,367.69,179977
3/25/2019 14:15,366.52,367.655,366.47,367.655,187982
3/25/2019 14:00,367.01,367.17,366.17,366.655,140627
3/25/2019 13:45,366.9,367.18,366.645,367,98794
3/25/2019 13:30,366.965,367.25,366.5,367.01,141069
3/25/2019 13:15,366.675,367.08,366.1209,366.98,129559
3/25/2019 13:00,365.54,366.705,365.4724,366.521,131117
3/25/2019 12:45,365.59,365.92,364.775,365.6378,145733
3/25/2019 12:30,365.9478,366.599,365.61,365.62,170017
3/25/2019 12:15,366.345,367.16,363.8842,366,444235
3/25/2019 12:00,366.55,366.89,366.18,366.2,164251
3/25/2019 11:45,366.63,367.46,366.17,366.53,195644
3/25/2019 11:30,365.86,366.83,365.7,366.6858,220008
3/25/2019 11:15,365.87,365.95,365.0356,365.79,213115
3/25/2019 11:00,363.43,365.99,363.4013,365.78,323015
3/25/2019 10:45,364.28,364.78,362.9,363.36,301117
3/25/2019 10:30,365.1,365.67,364.11,364.3,242590
3/25/2019 10:15,366.13,366.6,364.9,365.2,329286
3/25/2019 10:00,366.75,367.03,365.3384,366,379708
3/25/2019 9:45,364.56,367.5,364.5,366.68,1211560
3/22/2019 16:00,363.34,363.92,361.5595,362.55,1158180
3/22/2019 15:45,365.01,365.21,363.25,363.3,392633
3/22/2019 15:30,365.9175,366.15,365.06,365.1328,172831
3/22/2019 15:15,366.3,366.66,365.75,365.93,190581
3/22/2019 15:00,366.09,366.72,365.7425,366.27,198321
3/22/2019 14:45,366.535,366.5899,365.543,366.04,178202
3/22/2019 14:30,366,366.989,366,366.535,235261
3/22/2019 14:15,365.0706,365.935,365.03,365.93,125830
3/22/2019 14:00,365.26,365.66,364.915,365.03,134770
3/22/2019 13:45,365.4673,365.99,364.9257,365.27,129150
3/22/2019 13:30,365.74,366.15,365.25,365.45,147921
3/22/2019 13:15,364.84,366.265,364.75,365.56,241512
3/22/2019 13:00,364.79,365.29,364.0918,364.86,181631
3/22/2019 12:45,364.175,365.44,364.13,364.81,230633
3/22/2019 12:30,364.2,364.84,363.8,364.38,227386
3/22/2019 12:15,363.8,364.45,363.5,364.26,231092
3/22/2019 12:00,364.6,365.515,363.83,363.83,276237
3/22/2019 11:45,363.6746,364.85,363.43,364.5483,345525
3/22/2019 11:30,365.45,365.5499,363.61,363.7206,502718
3/22/2019 11:15,364.844,365.71,364.545,365.37,367532
3/22/2019 11:00,366.025,366.12,364.73,364.86,507322
3/22/2019 10:45,365.71,367.0819,365.71,366.245,259014
3/22/2019 10:30,366.49,368.0229,365.44,365.61,441450
3/22/2019 10:15,365.23,367.3,365.23,366.48,575178
3/22/2019 10:00,368.18,368.43,364.26,365.399,1205960
3/22/2019 9:45,369.05,369.86,367.75,368.37,1115051
3/21/2019 16:00,373.16,373.24,372.74,372.74,438223
3/21/2019 15:45,373.35,373.4,372.81,373.1675,308614
3/21/2019 15:30,373.8,373.8,373.3001,373.3001,180612
3/21/2019 15:15,372.91,374,372.8,373.77,242368
3/21/2019 15:00,374.2167,374.4,372.64,372.89,288706
3/21/2019 14:45,372.96,374.22,372.96,374.22,277658
3/21/2019 14:30,373.22,373.26,372.535,372.943,251423
3/21/2019 14:15,373.19,373.29,373,373.185,182121
3/21/2019 14:00,372.9,373.1737,372.73,373.1546,188707
3/21/2019 13:45,373.51,373.77,372.76,372.895,160559
3/21/2019 13:30,373.67,373.9063,373.2938,373.5,125808
3/21/2019 13:15,373.3,373.94,373.2,373.73,125143
3/21/2019 13:00,373.92,374.125,373.2,373.21,150234
3/21/2019 12:45,373.5565,373.92,372.71,373.84,211391
3/21/2019 12:30,374.16,374.33,372.9,373.39,213211
3/21/2019 12:15,374.96,374.96,373.66,374.195,211324
3/21/2019 12:00,375.535,375.95,374.7416,375.013,219974
3/21/2019 11:45,375.46,375.9,374.61,375.45,225846
3/21/2019 11:30,374.7248,375.51,374.5575,375.4133,223540
3/21/2019 11:15,373.76,374.86,373.45,374.67,232509
3/21/2019 11:00,373.6,373.76,372.5,373.72,203842
3/21/2019 10:45,372.726,374,372.45,373.541,203078
3/21/2019 10:30,373.38,373.45,372.27,372.66,299895
3/21/2019 10:15,373.1605,374.615,373.05,373.469,292631
3/21/2019 10:00,375.435,375.45,372.7559,373.2986,441246
3/21/2019 9:45,374.21,377,374.21,375.49,615693
3/20/2019 16:00,376.69,377.065,376.21,376.4,469324
3/20/2019 15:45,378.215,378.215,376.5014,376.5014,244886
3/20/2019 15:30,378.195,378.3,377.91,378.2515,148447
3/20/2019 15:15,377.8,378.45,377.15,378.14,244225
3/20/2019 15:00,378.65,378.91,377.7,377.75,184361
3/20/2019 14:45,379.4514,379.52,378.61,378.64,195434
3/20/2019 14:30,379.09,379.39,378.4,379.3,196159
3/20/2019 14:15,377.57,379.6,377.55,379.205,373778
3/20/2019 14:00,377.105,377.35,376.65,377.35,128111
3/20/2019 13:45,376.92,377.44,376.875,377.1,114454
3/20/2019 13:30,377.58,377.58,376.82,376.9138,117665
3/20/2019 13:15,377.15,377.52,376.81,377.5089,148984
3/20/2019 13:00,376.56,377.5,376.2831,377.2,147247
3/20/2019 12:45,377.45,377.585,375.65,376.73,305008
3/20/2019 12:30,378.213,378.4,377.29,377.79,147251
3/20/2019 12:15,377.13,378.23,377.13,378.12,259846
3/20/2019 12:00,378.4526,378.9119,376.09,377.15,404231
3/20/2019 11:45,380.0484,380.5,378,378.26,303487
3/20/2019 11:30,379.41,380.3,379.1841,380.04,244933
3/20/2019 11:15,378.99,379.8025,378.7,379.42,249739
3/20/2019 11:00,379.7604,380.196,378.65,378.84,258605
3/20/2019 10:45,380.63,380.635,379,379.5691,480642
3/20/2019 10:30,377.765,380.715,377.52,380.705,706103
3/20/2019 10:15,377.1483,378.6,377.05,377.778,494542
3/20/2019 10:00,374.55,378.2187,374.33,377.25,635523
3/20/2019 9:45,374.95,376,373.9,374.47,786089
3/19/2019 16:00,373.2,374.3,373.2,373.96,673127
3/19/2019 15:45,373.3,373.78,372.77,373.03,313341
3/19/2019 15:30,373.81,374.32,373.06,373.32,223629
3/19/2019 15:15,373.84,374.61,372.9825,373.77,384131
3/19/2019 15:00,375.37,375.73,373.7,373.77,211428
3/19/2019 14:45,375.3181,375.39,374.77,375.3018,102956
3/19/2019 14:30,375.11,375.34,374.62,375.214,149724
3/19/2019 14:15,376.09,376.09,375,375.2,125609
3/19/2019 14:00,376.1,376.38,375.6781,376.1163,116667
3/19/2019 13:45,376.05,377,376.05,376.12,240513
3/19/2019 13:30,375.54,376.1,375.33,376.08,169309
3/19/2019 13:15,375.56,375.91,375.12,375.58,153750
3/19/2019 13:00,376.47,376.47,373.58,375.51,391704
3/19/2019 12:45,376.25,376.57,375.53,376.3101,267880
3/19/2019 12:30,375.84,376.31,375.2,376.31,257811
3/19/2019 12:15,376.43,376.77,375.76,375.76,269527
3/19/2019 12:00,376.3,376.72,375.9434,376.34,232773
3/19/2019 11:45,378.2422,378.2422,375.5,376.4,338602
3/19/2019 11:30,377.5,378.49,377.3884,378.11,269834
3/19/2019 11:15,376.85,377.84,376.721,377.63,268446
3/19/2019 11:00,377.33,378.13,376.77,376.7826,372915
3/19/2019 10:45,377.8,378.75,377.23,377.54,402858
3/19/2019 10:30,376.7701,378.6903,376.76,377.69,569541
3/19/2019 10:15,375.4018,377.5,375.07,376.75,499186
3/19/2019 10:00,375.1155,376.8,374.745,375.23,758491
3/19/2019 9:45,371.29,375.84,371.11,375.09,1134000
3/18/2019 16:00,371.63,372.22,371.56,372.19,734359
3/18/2019 15:45,370.82,371.68,370.75,371.58,438093
3/18/2019 15:30,371.87,372.6095,370.28,370.6887,413135
3/18/2019 15:15,372.4978,372.4978,371.725,371.8208,236014
3/18/2019 15:00,371.8495,373.07,371.7194,372.43,451212
3/18/2019 14:45,371.4,372.03,371.1,371.8662,242655
3/18/2019 14:30,370.8,371.8,370.7974,371.405,238931
3/18/2019 14:15,370.885,371.42,370.58,370.7561,268905
3/18/2019 14:00,371.11,371.36,370.6291,370.9215,235256
3/18/2019 13:45,370.2653,371.25,370.14,371.1478,231770
3/18/2019 13:30,369.555,370.5,369.18,370.29,258798
3/18/2019 13:15,369.195,369.95,368.9,369.6296,209668
3/18/2019 13:00,369.29,369.4,368.55,369.2,264674
3/18/2019 12:45,370.15,370.15,368.3097,369.31,492464
3/18/2019 12:30,370.5107,370.63,370.07,370.2135,285787
3/18/2019 12:15,370.8994,371.055,370.05,370.45,329919
3/18/2019 12:00,370,371.55,370,370.8522,279451
3/18/2019 11:45,370.31,370.58,369.8,370.0724,206398
3/18/2019 11:30,371.47,371.55,369.8,370.4245,411990
3/18/2019 11:15,371.59,371.61,370.644,371.31,393389
3/18/2019 11:00,370.6,372.339,370.2708,371.65,556521
3/18/2019 10:45,369.8218,370.8583,368.76,370.67,583692
3/18/2019 10:30,368.8476,371.6461,368.34,369.82,793737
3/18/2019 10:15,368.89,370.07,368.6054,368.82,651951
3/18/2019 10:00,368.8,369.24,367.2,368.795,1219994
3/18/2019 9:45,370.01,371.3828,368.094,369.01,1887323
3/15/2019 16:00,379.03,379.88,377.4,378.94,1375200
3/15/2019 15:45,378.91,379.3727,378.11,379,548691
3/15/2019 15:30,379.2,379.879,378.4,378.94,550133
3/15/2019 15:15,380.25,380.6566,378.54,379.2,483745
3/15/2019 15:00,380.49,380.8468,380,380.3199,237498
3/15/2019 14:45,380.4984,380.98,379.4768,380.58,444469
3/15/2019 14:30,380.91,381.42,379.94,380.471,409140
3/15/2019 14:15,382.34,382.38,380.8201,380.9424,302241
3/15/2019 14:00,382.6018,383.475,382.04,382.4,341937
3/15/2019 13:45,381.64,382.66,381.42,382.58,334003
3/15/2019 13:30,382.96,383.64,380.9,381.64,507553
3/15/2019 13:15,382.0515,383.19,381.75,382.9476,483050
3/15/2019 13:00,380.2265,382.67,380.15,382.2603,689697
3/15/2019 12:45,380.82,382,379.77,380.34,603287
3/15/2019 12:30,383.36,384.055,379.98,380.71,1408984
3/15/2019 12:15,380.575,385.59,380.4526,383.51,2077985
3/15/2019 12:00,377.2895,382.07,376.8122,380.6507,1809700
3/15/2019 11:45,376.75,379.41,376,377.2,1794500
3/15/2019 11:30,375.81,378.97,372.64,376.82,3314839
3/15/2019 11:15,368.4348,376,367.12,376,1711219
3/15/2019 11:00,367.455,368.49,367.1,368.405,450390
3/15/2019 10:45,367.88,368.15,366.5,367.4114,575893
3/15/2019 10:30,368.75,368.9952,367.6,367.9,578976
3/15/2019 10:15,368.615,369.45,368.2785,369,444672
3/15/2019 10:00,370.2,371,368.51,368.59,652840
3/15/2019 9:45,371.24,372.4929,367.95,370.393,2137815
3/14/2019 16:00,374.04,374.0799,373,373.315,910025
3/14/2019 15:45,374.11,374.15,373.5,374.079,419084
3/14/2019 15:30,374.48,374.48,374,374.15,311807
3/14/2019 15:15,373.83,375.57,373.83,374.4134,503066
3/14/2019 15:00,373.9,374,372.86,373.76,442203
3/14/2019 14:45,374.0853,374.17,373.6,373.9129,282053
3/14/2019 14:30,374.06,374.74,373.8519,374.12,285948
3/14/2019 14:15,374.5601,374.63,374,374.0725,311393
3/14/2019 14:00,375.1,375.1,374.52,374.6,189153
3/14/2019 13:45,375.2,375.27,374.69,375.0121,225689
3/14/2019 13:30,374.621,375.34,374.39,375.2,267793
3/14/2019 13:15,374.57,374.79,374.04,374.6175,248748
3/14/2019 13:00,375.09,375.23,374.04,374.58,284961
3/14/2019 12:45,376.16,376.3999,375,375.145,333146
3/14/2019 12:30,374.19,376.6361,374.19,376.09,524766
3/14/2019 12:15,374.29,374.63,373.8954,374.11,326791
3/14/2019 12:00,375.33,375.525,373.92,374.13,356612
3/14/2019 11:45,374.84,375.175,374,375.175,281149
3/14/2019 11:30,374.41,375.7473,374.3726,374.97,291693
3/14/2019 11:15,376.66,376.6948,374,374.38,448270
3/14/2019 11:00,374.03,377,373.9101,376.7223,595740
3/14/2019 10:45,372.15,374.68,372.15,374.18,559681
3/14/2019 10:30,373.3372,374.47,372.2,372.2372,622288
3/14/2019 10:15,374.235,375.64,372.185,373.27,919635
3/14/2019 10:00,376.95,376.95,373.62,374.28,1134573
3/14/2019 9:45,374.66,380.34,374.5,376.91,2001351
3/13/2019 16:00,374.9,377.49,374.42,377.33,2097772
3/13/2019 15:45,373.7,375.24,372.98,374.87,1341908
3/13/2019 15:30,373.16,375.5,372.5,374,1812826
3/13/2019 15:15,369.71,373.46,368.37,373.16,2276801
3/13/2019 15:00,366.65,369.88,363.33,369.8152,2840866
3/13/2019 14:45,370.05,370.05,364.5,366.61,4182372
3/13/2019 14:30,374.521,374.895,369,370.01,1745553
3/13/2019 14:15,374.39,375.92,374.39,374.5,473865
3/13/2019 14:00,374.815,374.89,373.725,374.3,376780
3/13/2019 13:45,375.76,375.9,374.7001,374.77,352711
3/13/2019 13:30,375.68,376,375.41,375.7884,326818
3/13/2019 13:15,375,375.94,375,375.6586,319510
3/13/2019 13:00,376.0501,376.06,374.81,375.04,325262
3/13/2019 12:45,374.55,376.07,374.26,376.06,480828
3/13/2019 12:30,376.332,376.332,374.67,374.7128,593071
3/13/2019 12:15,374.64,376.72,372.97,376.31,1003857
3/13/2019 12:00,378.29,378.3445,372.89,374.7231,1700851
3/13/2019 11:45,377.9,378.8,377.6,378.26,474411
3/13/2019 11:30,377.66,379.25,377.27,377.7452,771194
3/13/2019 11:15,377.1687,377.8572,376.4871,377.64,510036
3/13/2019 11:00,378.695,378.853,376.53,377,522218
3/13/2019 10:45,376.7,379.39,376.4,378.5926,831822
3/13/2019 10:30,377.78,378.25,376.3028,376.65,777214
3/13/2019 10:15,381.1392,381.73,377.5,377.7823,1027296
3/13/2019 10:00,375.8768,381.15,375.3155,381.15,1489668
3/13/2019 9:45,378,380.385,374.7616,375.8706,2885247
3/12/2019 16:00,376.0475,376.36,373.78,375.53,1379309
3/12/2019 15:45,376.578,377.3,375,376.0471,984043
3/12/2019 15:30,374.5,378.75,373.62,376.51,1114251
3/12/2019 15:15,375.31,376.84,374.5,374.51,743243
3/12/2019 15:00,377.35,378.34,375.1,375.42,772909
3/12/2019 14:45,375.61,379.5999,375.3,377.4258,1384195
3/12/2019 14:30,374.06,377.44,372.75,375.79,1420843
3/12/2019 14:15,371.23,376.5292,371.23,374.11,1604118
3/12/2019 14:00,372.247,373.45,370.65,371.2619,1030561
3/12/2019 13:45,371.44,372.43,370.3284,372.27,813704
3/12/2019 13:30,370.2,371.53,368.87,371.4,1286610
3/12/2019 13:15,373.45,374.29,369.9,370.3,1421348
3/12/2019 13:00,372.64,373.965,369.52,373.445,1833240
3/12/2019 12:45,374.24,375,372.5,372.67,719086
3/12/2019 12:30,374.69,374.9419,372.82,374.3149,622841
3/12/2019 12:15,374.79,375.1728,372.7401,374.7,841991
3/12/2019 12:00,373.3424,375.36,370.87,374.8986,1652424
3/12/2019 11:45,374.7936,374.8589,372.28,373.36,1235702
3/12/2019 11:30,375.74,375.8184,373.2,374.7805,1762248
3/12/2019 11:15,378.29,378.38,375.51,375.8,1737687
3/12/2019 11:00,379.86,380.99,378.0201,378.24,888166
3/12/2019 10:45,382.7,383.27,379.31,379.85,1122741
3/12/2019 10:30,381.31,382.7,377.56,382.6164,1805908
3/12/2019 10:15,383.84,383.85,377,381.34,2674394
3/12/2019 10:00,388.19,388.22,383.35,383.71,1644616
3/12/2019 9:45,384.71,390,382,388.21,3598364
3/11/2019 16:00,399.29,400.2314,398.3,399.83,1172897
3/11/2019 15:45,397.6,399.9,397,399.16,923734
3/11/2019 15:30,397.42,398.98,395.6037,397.6001,716520
3/11/2019 15:15,398.05,398.05,395.4,397.3954,922283
3/11/2019 15:00,400.04,400.04,397.415,398.09,589612
3/11/2019 14:45,399.42,402.169,399.11,400.124,823379
3/11/2019 14:30,397.3699,402.6,397.3125,399.61,1252427
3/11/2019 14:15,395.405,397.777,395.01,397.2728,731124
3/11/2019 14:00,395.33,395.64,394.6114,395.41,422484
3/11/2019 13:45,395.298,395.89,394.81,395.4,474740
3/11/2019 13:30,394.21,395.5594,393.6601,395.39,744047
3/11/2019 13:15,391.645,394.4207,391.1144,394.3108,666840
3/11/2019 13:00,392.2,392.7574,390.2504,391.59,612660
3/11/2019 12:45,392.245,394.38,391.63,392.2304,706460
3/11/2019 12:30,389.55,393.3,388.3043,392.3,913927
3/11/2019 12:15,392.66,393.34,389.21,389.47,779862
3/11/2019 12:00,392.85,393.358,390.15,392.4404,894795
3/11/2019 11:45,393.08,394.71,390.6,393.01,981025
3/11/2019 11:30,396.4414,397.4143,392.151,393.15,1351851
3/11/2019 11:15,394.56,398.73,392.6301,396.44,1521863
3/11/2019 11:00,389.2901,394.704,388.82,394.5953,1477718
3/11/2019 10:45,387.33,389.89,385.3501,389.25,1271719
3/11/2019 10:30,391.43,391.49,385.83,387.34,1695823
3/11/2019 10:15,383.88,391.58,383.0201,391.31,2647736
3/11/2019 10:00,375.13,384.78,374.5701,383.96,2893967
3/11/2019 9:45,371.1,378,365.6822,375.18,7032004
3/8/2019 16:00,421.56,422.8,421.5101,422.64,355167
3/8/2019 15:45,419.82,421.73,419.82,421.655,117840
3/8/2019 15:30,420.43,420.61,419.71,420.05,96368
3/8/2019 15:15,420.13,420.89,419.9,420.31,98701
3/8/2019 15:00,420.0883,421.36,420,420,82039
3/8/2019 14:45,419.97,420.37,419.59,420.0904,56888
3/8/2019 14:30,420.03,420.345,419.51,419.9564,66627
3/8/2019 14:15,420.62,420.69,419.42,419.94,61467
3/8/2019 14:00,419.7,420.49,419.7,420.49,63544
3/8/2019 13:45,419.64,419.97,419.1,419.6523,53987
3/8/2019 13:30,419.47,419.69,418.99,419.6002,36494
3/8/2019 13:15,418.5951,419.72,418.5951,419.5505,62359
3/8/2019 13:00,419.25,419.5,418.37,418.59,48492
3/8/2019 12:45,419.24,419.65,419.06,419.26,42433
3/8/2019 12:30,419.98,420,418.4001,419.2,80737
3/8/2019 12:15,419.8,419.86,419,419.7968,83987
3/8/2019 12:00,420.62,421.25,419.5,419.7665,113471
3/8/2019 11:45,421.82,421.87,420.47,420.57,76337
3/8/2019 11:30,422,422.5,421.45,422.01,91716
3/8/2019 11:15,421.55,422.11,420.87,421.7148,87835
3/8/2019 11:00,422.67,423.4262,421.6,421.69,214950
3/8/2019 10:45,419.21,422.62,419.21,422.62,192958
3/8/2019 10:30,418.7185,419.44,418.32,419.2495,131633
3/8/2019 10:15,418.3,419.25,417.91,418.63,144618
3/8/2019 10:00,419.24,419.805,418.3722,418.5,195910
3/8/2019 9:45,416.5,419.8124,415.65,419.3567,416362
3/7/2019 16:00,421.1648,422.92,420.46,422.31,470473
3/7/2019 15:45,420.92,422,420.8,421.3975,135435
3/7/2019 15:30,421.59,421.59,420.83,420.88,120587
3/7/2019 15:15,421,421.8,420.46,421.41,135397
3/7/2019 15:00,421.87,421.8759,420.65,420.89,91536
3/7/2019 14:45,422.35,422.74,421.5901,421.8,72353
3/7/2019 14:30,421.95,422.632,421.56,422.46,83979
3/7/2019 14:15,423.62,423.736,421.92,421.92,84505
3/7/2019 14:00,423.71,424.89,423.63,423.63,186768
3/7/2019 13:45,423.3401,423.86,422,423.6473,112832
3/7/2019 13:30,423.3,423.375,422.5963,423.2474,93993
3/7/2019 13:15,422.96,423.82,422.96,423.23,120915
3/7/2019 13:00,422,423.26,421.48,423.06,85900
3/7/2019 12:45,422.6,422.778,421.4025,421.65,87673
3/7/2019 12:30,420.89,422.825,420.56,422.7,102797
3/7/2019 12:15,420.63,421.62,420.28,420.795,66490
3/7/2019 12:00,421.58,421.99,420.68,420.73,135535
3/7/2019 11:45,419.96,421.258,419.82,421.258,132486
3/7/2019 11:30,419.81,420.04,418.64,419.68,108212
3/7/2019 11:15,418.735,420.17,418.49,419.6,145324
3/7/2019 11:00,416.85,418.72,416.85,418.7,142057
3/7/2019 10:45,418.54,418.54,416.48,417,234195
3/7/2019 10:30,419.22,419.6,417.67,418.57,279399
3/7/2019 10:15,419.96,420.02,418.79,419.39,195893
3/7/2019 10:00,420.56,420.56,418.27,420.23,379256
3/7/2019 9:45,423.48,423.5503,420.56,420.56,286317
3/6/2019 16:00,425.63,426.1137,424.51,424.51,268793
3/6/2019 15:45,425.25,425.99,425.0418,425.99,116044
3/6/2019 15:30,425.09,425.69,424.67,425.2,85002
3/6/2019 15:15,425.84,426.25,425,425.039,82923
3/6/2019 15:00,425.68,426,425.38,425.86,56406
3/6/2019 14:45,426,426.2,425.46,425.6069,62206
3/6/2019 14:30,425.86,426.3,425.475,425.83,73941
3/6/2019 14:15,425.68,426.23,425.44,425.9678,61827
3/6/2019 14:00,424.83,426.06,424.401,425.88,116035
3/6/2019 13:45,423.5195,424.925,423.4,424.925,95261
3/6/2019 13:30,423.55,424.32,423.2176,423.39,109897
3/6/2019 13:15,424.0445,424.0445,423.09,423.57,76851
3/6/2019 13:00,424.19,424.46,423.4756,423.92,147626
3/6/2019 12:45,423.798,424.85,423.798,424.25,91406
3/6/2019 12:30,423.31,423.82,422.44,423.4098,127966
3/6/2019 12:15,422.9446,424.29,422.5,423.42,255714
3/6/2019 12:00,424.2,425.11,422.15,422.87,435530
3/6/2019 11:45,425.916,426.04,424.07,424.164,213534
3/6/2019 11:30,427.6048,427.69,425.6,425.8,209233
3/6/2019 11:15,427.76,428.0705,427.51,427.695,162607
3/6/2019 11:00,427.69,427.73,427.225,427.225,34649
3/6/2019 10:45,429,429.27,427.79,427.82,166361
3/6/2019 10:30,430.75,430.81,429.007,429.007,123433
3/6/2019 10:15,431.145,431.41,430.3307,430.545,92136
3/6/2019 10:00,431.39,431.93,430.54,431.5132,120654
3/6/2019 9:45,429.69,431.41,429.25,431.34,241271
3/5/2019 16:00,432.27,432.43,430.12,430.28,307897
3/5/2019 15:45,431.58,432.61,431.53,432.31,92822
3/5/2019 15:30,431.42,431.97,431.42,431.64,48973
3/5/2019 15:15,431.7,431.79,431.34,431.34,64935
3/5/2019 15:00,432,432,431.55,431.77,38598
3/5/2019 14:45,432.055,432.17,431.5,432.04,53945
3/5/2019 14:30,432.05,432.1835,431.76,431.965,35951
3/5/2019 14:15,432.2142,432.62,431.91,432.12,33580
3/5/2019 14:00,431.94,432.26,431.86,432.26,31396
3/5/2019 13:45,432.21,432.35,431.86,431.928,47872
3/5/2019 13:30,433.02,433.02,432,432.08,52068
3/5/2019 13:15,433.0358,433.31,432.83,433.1389,43005
3/5/2019 13:00,432.3625,433,432.31,432.9467,66819
3/5/2019 12:45,432.47,432.58,432.14,432.4,31623
3/5/2019 12:30,431.64,432.61,431.57,432.48,52240
3/5/2019 12:15,431.79,432.36,431.7,431.7869,46766
3/5/2019 12:00,433.11,433.11,431.13,431.9442,76784
3/5/2019 11:45,431.69,433.17,431.69,433.01,97702
3/5/2019 11:30,431.42,432.27,431.42,431.81,75774
3/5/2019 11:15,430.77,432,430.62,431.285,80208
3/5/2019 11:00,431.055,431.7,430.44,430.79,128787
3/5/2019 10:45,430.21,431.56,430.21,431.0816,86376
3/5/2019 10:30,431.32,431.527,429.5,429.6,124362
3/5/2019 10:15,431,432.4689,430.81,431.44,136980
3/5/2019 10:00,432.51,432.51,428.67,430.84,228684
3/5/2019 9:45,430.556,433.65,430.556,432.5194,250242
3/4/2019 16:00,433.82,433.95,431.87,432.87,367579
3/4/2019 15:45,433.48,433.72,433.11,433.64,119289
3/4/2019 15:30,433.4895,434.08,433.26,433.53,75433
3/4/2019 15:15,433.35,433.7926,432.76,433.48,98295
3/4/2019 15:00,433.79,434.2532,432.94,433.3,96218
3/4/2019 14:45,433.74,433.9413,433.1537,433.8933,99478
3/4/2019 14:30,431.545,433.73,431.545,433.72,188371
3/4/2019 14:15,431.79,432.12,430.88,431.5,121845
3/4/2019 14:00,431,431.91,430.3,431.76,125430
3/4/2019 13:45,429.86,431,429.86,431,152602
3/4/2019 13:30,427.65,430.03,427.53,429.85,143559
3/4/2019 13:15,427.5,428.12,426.995,427.54,133007
3/4/2019 13:00,427.8872,428.9206,427.44,427.77,136054
3/4/2019 12:45,429.19,430.05,427.57,427.78,156554
3/4/2019 12:30,428.9954,429.38,427.21,429.1,250719
3/4/2019 12:15,429.03,430.72,428.05,429,264320
3/4/2019 12:00,432.38,432.915,426.8,428.8773,433228
3/4/2019 11:45,433.8748,434.49,431.76,432.31,285051
3/4/2019 11:30,437,437.25,433.52,433.98,332444
3/4/2019 11:15,436.92,437.71,435.92,437.2,222706
3/4/2019 11:00,438.6353,439.87,436.3,436.77,267756
3/4/2019 10:45,440.955,440.955,437.8001,438.65,204339
3/4/2019 10:30,440.4003,441.2,439.5,440.7021,215918
3/4/2019 10:15,443.2139,444.14,440.1501,440.55,277568
3/4/2019 10:00,444.293,444.293,441.89,443.282,227035
3/4/2019 9:45,443.5,444.409,442.3,444.36,363039
3/1/2019 16:00,443.22,443.5,440.35,440.79,473901
3/1/2019 15:45,442.6987,443.1,442.26,443.1,203873
3/1/2019 15:30,442.6646,442.817,442.43,442.68,104553
3/1/2019 15:15,442.48,443.147,442.43,442.61,85936
3/1/2019 15:00,444.22,444.22,442.46,442.52,129701
3/1/2019 14:45,444.32,444.55,443.92,444.17,122051
3/1/2019 14:30,443.03,444.2739,442.96,444.2739,115552
3/1/2019 14:15,442.66,443.51,442.6536,442.99,101010
3/1/2019 14:00,442.2,442.7446,442.0701,442.6,68073
3/1/2019 13:45,441.705,442.21,441.705,442.155,70323
3/1/2019 13:30,441.83,441.97,441.5463,441.69,68322
3/1/2019 13:15,441.337,441.835,441.21,441.81,81421
3/1/2019 13:00,440.84,441.395,440.52,441.386,81182
3/1/2019 12:45,441.51,441.8,440.495,440.78,90981
3/1/2019 12:30,441.2278,441.6986,440.925,441.4704,118790
3/1/2019 12:15,441.07,441.555,440.2,441.2,169725
3/1/2019 12:00,442.715,442.86,440.57,441.065,183041
3/1/2019 11:45,443.58,443.58,442.75,442.75,113205
3/1/2019 11:30,442.81,443.86,442.62,443.4989,139329
3/1/2019 11:15,442.61,442.99,442.09,442.7852,126060
3/1/2019 11:00,442.71,443.3486,442.16,442.58,168221
3/1/2019 10:45,442.4701,443.315,441.2,442.58,196487
3/1/2019 10:30,442.228,443.55,441.64,442.59,236479
3/1/2019 10:15,443.62,443.97,442.23,442.23,277412
3/1/2019 10:00,443.2,445.3,443.2,444.12,293698
3/1/2019 9:45,445.95,445.95,443,443.1132,609623
2/28/2019 16:00,440,440.14,439.52,439.96,452265
2/28/2019 15:45,440.38,440.7,440.01,440.01,168284
2/28/2019 15:30,440.445,440.58,439.8959,440.415,144425
2/28/2019 15:15,440.5037,440.8,440.3413,440.4564,116754
2/28/2019 15:00,440.45,441,440,440.56,102950
2/28/2019 14:45,441.01,441.3771,440.29,440.5,166476
2/28/2019 14:30,440.19,441.38,439.98,441.0701,179478
2/28/2019 14:15,440.851,440.94,439.74,440.181,129081
2/28/2019 14:00,440.03,441.14,439.85,440.8385,142440
2/28/2019 13:45,439.67,440.03,439.4,440.01,64261
2/28/2019 13:30,439.265,439.72,438.98,439.72,79050
2/28/2019 13:15,440.01,440.01,438.99,439.363,92885
2/28/2019 13:00,438.995,440.228,438.97,440.15,100854
2/28/2019 12:45,439.59,439.78,439,439.04,110152
2/28/2019 12:30,438.74,439.639,438.68,439.494,124949
2/28/2019 12:15,438.16,439.14,437.9182,438.818,161463
2/28/2019 12:00,437.59,438.2264,437.5276,438.0797,83461
2/28/2019 11:45,437.32,438.26,437.29,437.6034,93176
2/28/2019 11:30,437.66,438.97,437.45,437.45,143201
2/28/2019 11:15,437.5601,438.16,437.1,437.41,116167
2/28/2019 11:00,438.39,439.28,437.72,437.7949,155537
2/28/2019 10:45,438.6,439.7184,438.385,438.385,140360
2/28/2019 10:30,438.27,438.64,437.3449,438.39,215739
2/28/2019 10:15,439.7874,439.79,438.14,438.62,316383
2/28/2019 10:00,438.89,441.06,438.8,439.86,330223
2/28/2019 9:45,438,440.32,437.5,438.88,595352
2/27/2019 16:00,435.515,436.33,435.39,435.46,417552
2/27/2019 15:45,435.055,435.91,435,435.6,182661
2/27/2019 15:30,435.28,435.66,435.06,435.09,131822
2/27/2019 15:15,434.95,435.52,434.82,435.255,81755
2/27/2019 15:00,435.36,435.65,434.695,434.9823,125939
2/27/2019 14:45,434.31,435.69,434.31,435.35,160701
2/27/2019 14:30,434.9849,434.9849,434.03,434.3889,110040
2/27/2019 14:15,435.08,435.1838,434.855,434.9,189458
2/27/2019 14:00,434.49,435.27,434.49,435.0655,142876
2/27/2019 13:45,434.945,435.07,434,434.5,144256
2/27/2019 13:30,433.6,435.4165,433.6,435.0321,288906
2/27/2019 13:15,433.09,433.5699,432.84,433.4815,110720
2/27/2019 13:00,432.73,433.13,432.65,433.13,85128
2/27/2019 12:45,432.29,432.92,432.29,432.7089,85434
2/27/2019 12:30,432.43,432.62,432.14,432.3134,89487
2/27/2019 12:15,432.2,432.49,431.9387,432.35,102389
2/27/2019 12:00,432.2101,432.49,431.86,432.28,105096
2/27/2019 11:45,431.505,432.68,431.47,432.51,153547
2/27/2019 11:30,430.9501,431.78,430.88,431.63,128737
2/27/2019 11:15,430.56,431.18,430.3041,431.01,134548
2/27/2019 11:00,430.0875,430.718,429.75,430.64,105008
2/27/2019 10:45,429,430.1,428.775,430.1,137221
2/27/2019 10:30,427.44,429.3489,427.275,429.06,184225
2/27/2019 10:15,429.8,430.29,427.31,427.31,221968
2/27/2019 10:00,431.09,431.28,429.4117,429.805,199045
2/27/2019 9:45,427.32,432.2426,427.32,431.16,464194
2/26/2019 16:00,427.78,427.92,426.565,426.77,240130
2/26/2019 15:45,428.345,428.81,427.79,427.9,108221
2/26/2019 15:30,428.57,428.68,428.225,428.35,76272
2/26/2019 15:15,428.65,428.99,428.44,428.5751,70595
2/26/2019 15:00,428.36,428.69,428.1771,428.59,48911
2/26/2019 14:45,427.7028,428.66,427.7028,428.34,66599
2/26/2019 14:30,427.828,428.01,427.71,427.71,32702
2/26/2019 14:15,427.43,428.1,427.43,427.96,40445
2/26/2019 14:00,427.44,427.62,427.1,427.47,42766
2/26/2019 13:45,427.22,427.4,426.95,427.4,37740
2/26/2019 13:30,427.89,428.24,427.33,427.33,47313
2/26/2019 13:15,427.74,427.92,427.6294,427.8361,42817
2/26/2019 13:00,427.8328,427.8328,427.27,427.75,44129
2/26/2019 12:45,427.74,427.8532,427.54,427.77,69657
2/26/2019 12:30,427.28,428.078,427.22,427.73,66829
2/26/2019 12:15,427.0222,427.35,426.9513,427.2779,72504
2/26/2019 12:00,426.4685,427.4082,426.4138,427.055,69816
2/26/2019 11:45,426.95,427.43,426.04,426.4778,62577
2/26/2019 11:30,427.01,427.3,426.73,426.79,100771
2/26/2019 11:15,425.26,426.83,425.11,426.83,95825
2/26/2019 11:00,426.6,426.9,425.51,425.53,111515
2/26/2019 10:45,426.01,426.92,425.8775,426.81,89745
2/26/2019 10:30,425.97,426.34,425.835,425.84,92106
2/26/2019 10:15,426,426.39,425.0101,425.9551,156762
2/26/2019 10:00,425.86,426.48,425.445,426.155,98100
2/26/2019 9:45,425.51,425.89,424.5,425.735,227830
2/25/2019 16:00,426.96,427.53,426.68,426.88,310944
2/25/2019 15:45,427.2,427.85,427.03,427.03,96125
2/25/2019 15:30,427.28,427.71,427.1326,427.23,88613
2/25/2019 15:15,427.59,427.6,426.82,427.25,70450
2/25/2019 15:00,427.75,427.875,427.5,427.535,50062
2/25/2019 14:45,427.74,427.935,427.4,427.8,51218
2/25/2019 14:30,428.04,428.13,427.59,427.6501,41311
2/25/2019 14:15,427.24,428.28,427.24,428.07,62455
2/25/2019 14:00,427.18,427.47,427.148,427.25,55018
2/25/2019 13:45,426.86,427.42,426.64,427.2302,67478
2/25/2019 13:30,426.99,427.22,426.73,426.8,42886
2/25/2019 13:15,427.26,427.3207,426.87,426.87,47918
2/25/2019 13:00,427.1389,427.34,426.55,427.28,83085
2/25/2019 12:45,427.71,427.71,427.005,427.19,170195
2/25/2019 12:30,428.47,428.47,427.5,427.7385,105661
2/25/2019 12:15,428.74,428.74,428,428.45,76276
2/25/2019 12:00,429.73,429.89,428.2956,428.81,106156
2/25/2019 11:45,428.24,429.665,428.24,429.665,110973
2/25/2019 11:30,428.67,428.99,428.08,428.2877,97059
2/25/2019 11:15,429.7499,429.78,428.66,428.66,117828
2/25/2019 11:00,429.21,429.91,429.16,429.73,110504
2/25/2019 10:45,428.68,429.2914,428.59,429.19,105013
2/25/2019 10:30,429.06,429.817,428.43,428.79,160387
2/25/2019 10:15,429.1,429.14,428.2443,429.0447,155152
2/25/2019 10:00,428.0803,429.9,427.82,428.89,212775
2/25/2019 9:45,427.75,429.4,427.52,427.97,429331
2/22/2019 16:00,423.35,424.215,422.96,424,305331
2/22/2019 15:45,422.54,423.29,422.2,423.29,135029
2/22/2019 15:30,422.02,422.66,421.68,422.6384,80407
2/22/2019 15:15,421.02,422.02,420.99,422.02,73279
2/22/2019 15:00,420.3,421.73,420.135,421.03,121981
2/22/2019 14:45,422.1852,422.2828,420.52,420.54,117014
2/22/2019 14:30,422.955,422.955,422.01,422.09,44499
2/22/2019 14:15,422.4655,423.04,422.32,422.9162,63099
2/22/2019 14:00,421.8905,422.45,421.87,422.42,44521
2/22/2019 13:45,422.6,422.76,421.8432,421.8432,83484
2/22/2019 13:30,422.38,422.56,422.07,422.54,54174
2/22/2019 13:15,422.925,423.1702,422.3,422.4999,64680
2/22/2019 13:00,423.14,423.3,422.8,422.9224,58350
2/22/2019 12:45,423.45,423.49,422.9,423.21,61564
2/22/2019 12:30,423.82,423.83,423.34,423.45,74119
2/22/2019 12:15,423.41,423.88,423.3899,423.815,73969
2/22/2019 12:00,423.27,423.54,422.75,423.43,130529
2/22/2019 11:45,423.97,424,423.34,423.34,79858
2/22/2019 11:30,423.804,424.47,423.4767,423.96,136079
2/22/2019 11:15,423.12,423.93,422.96,423.61,142580
2/22/2019 11:00,422.17,423.17,422.12,423.15,159703
2/22/2019 10:45,421.29,422.09,421.17,422.0464,100629
2/22/2019 10:30,421.8391,422.75,421.33,421.4038,165072
2/22/2019 10:15,421,421.89,420.869,421.76,124284
2/22/2019 10:00,421,421.485,420.55,420.88,108507
2/22/2019 9:45,419.7,420.99,419.2759,420.99,202399
